candidate,count,example_sentences
Friendly Farms,5,
Westby Organic,2,
Hiland,2,
FroCo,2,
Lucerne,2,
Wegmans,1,"If you tell me which store brand (Wegmans, Aldi, Walmart/Great Value, Target, etc.)"
Clover Sonoma,1,
Aldi Friendly Farms,1,
Cottage cheese Proteïne,1,
Sam's Club,1,
Target Market Pantry,1,
Alterego,1,
Lifeway,1,
Roundy's,1,
Natures Food Markets,1,
Citarella,1,
Cabot,1,
Meadow Gold,1,
Bowl & Basket,1,
All Things Cottage,1,
All Things Dairy,1,
Piątnica,1,
MAZURSKI TASTE,1,
Almette,1,
Hochland,1,
Cotto,1,
Smearcase,1,
