question,leading_brand,leading_brand_pick_rate,Good Culture_pick_rate
price value,Good Culture,0.0,0.0
taste texture,Good Culture,0.5,0.5
protein,Good Culture,0.16666666666666666,0.16666666666666666
budget shopper,Daisy,0.5,0.0
lactose intolerant,Good Culture,0.6666666666666666,0.6666666666666666
all of our positioning,Good Culture,0.5,0.5
lactose free,Good Culture,0.0,0.0
low sodium,Hood,0.3333333333333333,0.0
toddler parent,Daisy,0.6666666666666666,0.0
availability,Daisy,0.6666666666666666,0.0
glp1 user,Good Culture,0.6666666666666666,0.6666666666666666
live cultures,Nancy's,0.3333333333333333,0.0
ingredients,Good Culture,0.16666666666666666,0.16666666666666666
sodium,Good Culture,0.0,0.0
